insert into mydb.usuario (id, nome, email) values (1, 'Abrahan', 'aloftin0@bigcartel.com');
insert into mydb.usuario (id, nome, email) values (2, 'Nathalie', 'ndoyley1@ucoz.ru');
insert into mydb.usuario (id, nome, email) values (3, 'Tremayne', 'tmacura2@freewebs.com');
insert into mydb.usuario (id, nome, email) values (4, 'Humfrid', 'hlockyer3@slideshare.net');
insert into mydb.usuario (id, nome, email) values (5, 'Gare', 'gwinspurr4@altervista.org');
insert into mydb.usuario (id, nome, email) values (6, 'Lucilia', 'ltolman5@webnode.com');
insert into mydb.usuario (id, nome, email) values (7, 'Debor', 'dbhar6@arstechnica.com');
insert into mydb.usuario (id, nome, email) values (8, 'Ashley', 'awoodcock7@1688.com');
insert into mydb.usuario (id, nome, email) values (9, 'Ermanno', 'eknappe8@goodreads.com');
insert into mydb.usuario (id, nome, email) values (10, 'Glennie', 'gshaylor9@squarespace.com');
insert into mydb.usuario (id, nome, email) values (11, 'Hamish', 'hklimshuka@ted.com');
insert into mydb.usuario (id, nome, email) values (12, 'Cherie', 'cjoulb@freewebs.com');
insert into mydb.usuario (id, nome, email) values (13, 'Janenna', 'jjaquesc@phoca.cz');
insert into mydb.usuario (id, nome, email) values (14, 'Pam', 'pmaccurlyed@tumblr.com');
insert into mydb.usuario (id, nome, email) values (15, 'Rhoda', 'rrockhille@privacy.gov.au');
insert into mydb.usuario (id, nome, email) values (16, 'Paton', 'ppidgeonf@netscape.com');
insert into mydb.usuario (id, nome, email) values (17, 'Letisha', 'lmcgilbeng@stumbleupon.com');
insert into mydb.usuario (id, nome, email) values (18, 'Starr', 'scoddringtonh@webnode.com');
insert into mydb.usuario (id, nome, email) values (19, 'Harlene', 'hwoodvinei@behance.net');
insert into mydb.usuario (id, nome, email) values (20, 'Noell', 'nwimpressj@buzzfeed.com');
insert into mydb.usuario (id, nome, email) values (21, 'Carolann', 'crichink@noaa.gov');
insert into mydb.usuario (id, nome, email) values (22, 'Jayson', 'jcornickl@npr.org');
insert into mydb.usuario (id, nome, email) values (23, 'Mei', 'mpedicanm@php.net');
insert into mydb.usuario (id, nome, email) values (24, 'Putnem', 'pwaddinghamn@virginia.edu');
insert into mydb.usuario (id, nome, email) values (25, 'Michal', 'meakleo@nature.com');
insert into mydb.usuario (id, nome, email) values (26, 'Davide', 'dguillouxp@twitpic.com');
insert into mydb.usuario (id, nome, email) values (27, 'Agnella', 'alettsq@abc.net.au');
insert into mydb.usuario (id, nome, email) values (28, 'Maighdiln', 'mwestgarthr@disqus.com');
insert into mydb.usuario (id, nome, email) values (29, 'Julieta', 'jgeddiss@epa.gov');
insert into mydb.usuario (id, nome, email) values (30, 'Brodie', 'btrunchiont@bandcamp.com');
insert into mydb.usuario (id, nome, email) values (31, 'Dall', 'doleaghamu@1688.com');
insert into mydb.usuario (id, nome, email) values (32, 'Jan', 'jmettrickv@blogger.com');
insert into mydb.usuario (id, nome, email) values (33, 'Corly', 'ccalbreathw@deliciousdays.com');
insert into mydb.usuario (id, nome, email) values (34, 'Amandi', 'amccormickx@storify.com');
insert into mydb.usuario (id, nome, email) values (35, 'Gualterio', 'gcrusy@paypal.com');
insert into mydb.usuario (id, nome, email) values (36, 'Hurley', 'hdoohanz@cnn.com');
insert into mydb.usuario (id, nome, email) values (37, 'Arny', 'ahamlet10@ca.gov');
insert into mydb.usuario (id, nome, email) values (38, 'Diane-marie', 'dklassmann11@blinklist.com');
insert into mydb.usuario (id, nome, email) values (39, 'Dannie', 'dconner12@networkadvertising.org');
insert into mydb.usuario (id, nome, email) values (40, 'Basilius', 'bmanion13@zimbio.com');
insert into mydb.usuario (id, nome, email) values (41, 'Woodrow', 'wdadd14@google.com.au');
insert into mydb.usuario (id, nome, email) values (42, 'Ara', 'ahillum15@webnode.com');
insert into mydb.usuario (id, nome, email) values (43, 'Lorry', 'lhardbattle16@usnews.com');
insert into mydb.usuario (id, nome, email) values (44, 'Harrie', 'hbeechcraft17@apple.com');
insert into mydb.usuario (id, nome, email) values (45, 'Matelda', 'mirnis18@abc.net.au');
insert into mydb.usuario (id, nome, email) values (46, 'Zonda', 'zhavelin19@businesswire.com');
insert into mydb.usuario (id, nome, email) values (47, 'Kale', 'kserris1a@ning.com');
insert into mydb.usuario (id, nome, email) values (48, 'Nicolette', 'nwestberg1b@wiley.com');
insert into mydb.usuario (id, nome, email) values (49, 'Clarice', 'ccarling1c@netlog.com');
insert into mydb.usuario (id, nome, email) values (50, 'Karlee', 'kbertomieu1d@printfriendly.com');

INSERT INTO `mydb`.`amizade` (`Usuario_id`, `Usuario_id1`) VALUES (1, 2);
INSERT INTO `mydb`.`amizade` (`Usuario_id`, `Usuario_id1`) VALUES (1, 3);
INSERT INTO `mydb`.`amizade` (`Usuario_id`, `Usuario_id1`) VALUES (1, 4);
INSERT INTO `mydb`.`amizade` (`Usuario_id`, `Usuario_id1`) VALUES (1, 5);
INSERT INTO `mydb`.`amizade` (`Usuario_id`, `Usuario_id1`) VALUES (2, 3);
INSERT INTO `mydb`.`amizade` (`Usuario_id`, `Usuario_id1`) VALUES (2, 4);
INSERT INTO `mydb`.`amizade` (`Usuario_id`, `Usuario_id1`) VALUES (2, 50);
INSERT INTO `mydb`.`amizade` (`Usuario_id`, `Usuario_id1`) VALUES (2, 6);
INSERT INTO `mydb`.`amizade` (`Usuario_id`, `Usuario_id1`) VALUES (3, 5);
INSERT INTO `mydb`.`amizade` (`Usuario_id`, `Usuario_id1`) VALUES (2, 7);
INSERT INTO `mydb`.`amizade` (`Usuario_id`, `Usuario_id1`) VALUES (2, 5);
INSERT INTO `mydb`.`amizade` (`Usuario_id`, `Usuario_id1`) VALUES (3, 4);
INSERT INTO `mydb`.`amizade` (`Usuario_id`, `Usuario_id1`) VALUES (3, 9);
INSERT INTO `mydb`.`amizade` (`Usuario_id`, `Usuario_id1`) VALUES (3, 8);
INSERT INTO `mydb`.`amizade` (`Usuario_id`, `Usuario_id1`) VALUES (3, 25);
INSERT INTO `mydb`.`amizade` (`Usuario_id`, `Usuario_id1`) VALUES (3, 24);
INSERT INTO `mydb`.`amizade` (`Usuario_id`, `Usuario_id1`) VALUES (3, 22);
INSERT INTO `mydb`.`amizade` (`Usuario_id`, `Usuario_id1`) VALUES (3, 20);
INSERT INTO `mydb`.`amizade` (`Usuario_id`, `Usuario_id1`) VALUES (3, 23);
INSERT INTO `mydb`.`amizade` (`Usuario_id`, `Usuario_id1`) VALUES (4, 50);
INSERT INTO `mydb`.`amizade` (`Usuario_id`, `Usuario_id1`) VALUES (4, 13);
INSERT INTO `mydb`.`amizade` (`Usuario_id`, `Usuario_id1`) VALUES (4, 14);
INSERT INTO `mydb`.`amizade` (`Usuario_id`, `Usuario_id1`) VALUES (4, 16);
INSERT INTO `mydb`.`amizade` (`Usuario_id`, `Usuario_id1`) VALUES (4, 17);
INSERT INTO `mydb`.`amizade` (`Usuario_id`, `Usuario_id1`) VALUES (4, 21);
INSERT INTO `mydb`.`amizade` (`Usuario_id`, `Usuario_id1`) VALUES (4, 22);
INSERT INTO `mydb`.`amizade` (`Usuario_id`, `Usuario_id1`) VALUES (5, 15);
INSERT INTO `mydb`.`amizade` (`Usuario_id`, `Usuario_id1`) VALUES (5, 18);
INSERT INTO `mydb`.`amizade` (`Usuario_id`, `Usuario_id1`) VALUES (5, 50);
INSERT INTO `mydb`.`amizade` (`Usuario_id`, `Usuario_id1`) VALUES (5, 41);
INSERT INTO `mydb`.`amizade` (`Usuario_id`, `Usuario_id1`) VALUES (5, 42);
INSERT INTO `mydb`.`amizade` (`Usuario_id`, `Usuario_id1`) VALUES (6, 14);
INSERT INTO `mydb`.`amizade` (`Usuario_id`, `Usuario_id1`) VALUES (6, 44);
INSERT INTO `mydb`.`amizade` (`Usuario_id`, `Usuario_id1`) VALUES (6, 45);
INSERT INTO `mydb`.`amizade` (`Usuario_id`, `Usuario_id1`) VALUES (6, 36);
INSERT INTO `mydb`.`amizade` (`Usuario_id`, `Usuario_id1`) VALUES (7, 50);
INSERT INTO `mydb`.`amizade` (`Usuario_id`, `Usuario_id1`) VALUES (7, 20);
INSERT INTO `mydb`.`amizade` (`Usuario_id`, `Usuario_id1`) VALUES (7, 21);
INSERT INTO `mydb`.`amizade` (`Usuario_id`, `Usuario_id1`) VALUES (7, 26);
INSERT INTO `mydb`.`amizade` (`Usuario_id`, `Usuario_id1`) VALUES (7, 27);
INSERT INTO `mydb`.`amizade` (`Usuario_id`, `Usuario_id1`) VALUES (8, 29);
INSERT INTO `mydb`.`amizade` (`Usuario_id`, `Usuario_id1`) VALUES (8, 12);
INSERT INTO `mydb`.`amizade` (`Usuario_id`, `Usuario_id1`) VALUES (9, 10);
INSERT INTO `mydb`.`amizade` (`Usuario_id`, `Usuario_id1`) VALUES (10, 11);
INSERT INTO `mydb`.`amizade` (`Usuario_id`, `Usuario_id1`) VALUES (10, 12);
INSERT INTO `mydb`.`amizade` (`Usuario_id`, `Usuario_id1`) VALUES (10, 16);
INSERT INTO `mydb`.`amizade` (`Usuario_id`, `Usuario_id1`) VALUES (11, 30);
INSERT INTO `mydb`.`amizade` (`Usuario_id`, `Usuario_id1`) VALUES (11, 35);
INSERT INTO `mydb`.`amizade` (`Usuario_id`, `Usuario_id1`) VALUES (11, 45);
INSERT INTO `mydb`.`amizade` (`Usuario_id`, `Usuario_id1`) VALUES (12, 19);
INSERT INTO `mydb`.`amizade` (`Usuario_id`, `Usuario_id1`) VALUES (12, 17);
INSERT INTO `mydb`.`amizade` (`Usuario_id`, `Usuario_id1`) VALUES (13, 9);
INSERT INTO `mydb`.`amizade` (`Usuario_id`, `Usuario_id1`) VALUES (13, 50);
INSERT INTO `mydb`.`amizade` (`Usuario_id`, `Usuario_id1`) VALUES (15, 19);
INSERT INTO `mydb`.`amizade` (`Usuario_id`, `Usuario_id1`) VALUES (15, 2);
INSERT INTO `mydb`.`amizade` (`Usuario_id`, `Usuario_id1`) VALUES (15, 30);
INSERT INTO `mydb`.`amizade` (`Usuario_id`, `Usuario_id1`) VALUES (19, 41);
INSERT INTO `mydb`.`amizade` (`Usuario_id`, `Usuario_id1`) VALUES (20, 22);
INSERT INTO `mydb`.`amizade` (`Usuario_id`, `Usuario_id1`) VALUES (20, 1);
INSERT INTO `mydb`.`amizade` (`Usuario_id`, `Usuario_id1`) VALUES (22, 3);
INSERT INTO `mydb`.`amizade` (`Usuario_id`, `Usuario_id1`) VALUES (22, 50);
INSERT INTO `mydb`.`amizade` (`Usuario_id`, `Usuario_id1`) VALUES (23, 2);
INSERT INTO `mydb`.`amizade` (`Usuario_id`, `Usuario_id1`) VALUES (26, 9);
INSERT INTO `mydb`.`amizade` (`Usuario_id`, `Usuario_id1`) VALUES (30, 2);
INSERT INTO `mydb`.`amizade` (`Usuario_id`, `Usuario_id1`) VALUES (30, 50);
INSERT INTO `mydb`.`amizade` (`Usuario_id`, `Usuario_id1`) VALUES (30, 21);
INSERT INTO `mydb`.`amizade` (`Usuario_id`, `Usuario_id1`) VALUES (35, 33);
INSERT INTO `mydb`.`amizade` (`Usuario_id`, `Usuario_id1`) VALUES (35, 8);
INSERT INTO `mydb`.`amizade` (`Usuario_id`, `Usuario_id1`) VALUES (39, 48);
INSERT INTO `mydb`.`amizade` (`Usuario_id`, `Usuario_id1`) VALUES (41, 36);
INSERT INTO `mydb`.`amizade` (`Usuario_id`, `Usuario_id1`) VALUES (41, 37);
INSERT INTO `mydb`.`amizade` (`Usuario_id`, `Usuario_id1`) VALUES (41, 3);
INSERT INTO `mydb`.`amizade` (`Usuario_id`, `Usuario_id1`) VALUES (41, 5);
INSERT INTO `mydb`.`amizade` (`Usuario_id`, `Usuario_id1`) VALUES (44, 10);
INSERT INTO `mydb`.`amizade` (`Usuario_id`, `Usuario_id1`) VALUES (44, 2);
INSERT INTO `mydb`.`amizade` (`Usuario_id`, `Usuario_id1`) VALUES (44, 3);
INSERT INTO `mydb`.`amizade` (`Usuario_id`, `Usuario_id1`) VALUES (45, 12);
INSERT INTO `mydb`.`amizade` (`Usuario_id`, `Usuario_id1`) VALUES (45, 50);
INSERT INTO `mydb`.`amizade` (`Usuario_id`, `Usuario_id1`) VALUES (47, 1);
INSERT INTO `mydb`.`amizade` (`Usuario_id`, `Usuario_id1`) VALUES (47, 2);
INSERT INTO `mydb`.`amizade` (`Usuario_id`, `Usuario_id1`) VALUES (47, 10);
INSERT INTO `mydb`.`amizade` (`Usuario_id`, `Usuario_id1`) VALUES (49, 36);
INSERT INTO `mydb`.`amizade` (`Usuario_id`, `Usuario_id1`) VALUES (49, 6);
INSERT INTO `mydb`.`amizade` (`Usuario_id`, `Usuario_id1`) VALUES (49, 7);
INSERT INTO `mydb`.`amizade` (`Usuario_id`, `Usuario_id1`) VALUES (49, 10);
INSERT INTO `mydb`.`amizade` (`Usuario_id`, `Usuario_id1`) VALUES (49, 15);


insert into mydb.conversas (id_amizade, dia, texto) values (1,'2017-07-01 11:13:41', 'nec euismod scelerisque quam turpis adipiscing lorem vitae mattis nibh');
insert into mydb.conversas (id_amizade, dia, texto) values (3,'2017-07-28 08:27:53', 'mi pede malesuada in imperdiet et commodo vulputate justo in blandit ultrices enim lorem ipsum dolor sit');
insert into mydb.conversas (id_amizade, dia, texto) values (5,'2016-11-21 09:42:15', 'vitae mattis nibh ligula nec sem duis aliquam convallis nunc proin at turpis a pede posuere nonummy integer');
insert into mydb.conversas (id_amizade, dia, texto) values (4, '2017-07-24 11:45:14', 'in hac habitasse platea dictumst etiam faucibus cursus urna ut tellus nulla ut');
insert into mydb.conversas (id_amizade,  dia, texto) values (7, '2017-08-05 18:25:55', 'cubilia curae mauris viverra diam vitae quam suspendisse potenti nullam porttitor lacus at turpis donec posuere metus vitae ipsum aliquam');
insert into mydb.conversas (id_amizade,  dia, texto) values (9, '2017-08-29 21:54:39', 'orci luctus et ultrices posuere cubilia curae donec pharetra magna');
insert into mydb.conversas (id_amizade,  dia, texto) values (10, '2017-06-02 07:38:33', 'hac habitasse platea dictumst morbi vestibulum velit id pretium iaculis diam erat fermentum justo nec condimentum neque sapien placerat');
insert into mydb.conversas (id_amizade,  dia, texto) values (8, '2017-05-19 05:48:08', 'duis at velit eu est congue elementum in hac habitasse platea dictumst morbi vestibulum velit id pretium iaculis');
insert into mydb.conversas (id_amizade, dia, texto) values (15, '2017-03-03 05:49:44', 'mollis molestie lorem quisque ut erat curabitur gravida nisi at nibh in hac habitasse platea dictumst aliquam augue');
insert into mydb.conversas (id_amizade, dia, texto) values (43, '2017-03-30 06:53:38', 'sagittis sapien cum sociis natoque penatibus et magnis dis parturient montes nascetur ridiculus mus etiam vel');
insert into mydb.conversas (id_amizade, dia, texto) values (21, '2017-01-14 22:45:15', 'dis parturient montes nascetur ridiculus mus etiam vel augue vestibulum rutrum');
insert into mydb.conversas (id_amizade, dia, texto) values (12, '2017-03-03 10:24:39', 'mattis odio donec vitae nisi nam ultrices libero non mattis pulvinar nulla pede ullamcorper augue a suscipit nulla');
insert into mydb.conversas (id_amizade, dia, texto) values (13, '2016-12-28 03:36:50', 'pellentesque viverra pede ac diam cras pellentesque volutpat dui maecenas tristique est et tempus');
insert into mydb.conversas (id_amizade, dia, texto) values (1, '2017-06-25 04:34:35', 'in felis eu sapien cursus vestibulum proin eu mi nulla ac enim in tempor turpis nec euismod');
insert into mydb.conversas (id_amizade, dia, texto) values (15, '2017-09-16 01:22:53', 'rutrum nulla nunc purus phasellus in felis donec semper sapien a libero nam dui proin leo odio porttitor id');
insert into mydb.conversas (id_amizade, dia, texto) values (16, '2017-04-20 01:04:24', 'sem praesent id massa id nisl venenatis lacinia aenean sit amet justo morbi ut odio');
insert into mydb.conversas (id_amizade, dia, texto) values (17, '2016-12-03 07:54:04', 'volutpat sapien arcu sed augue aliquam erat volutpat in congue etiam justo etiam pretium iaculis');
insert into mydb.conversas (id_amizade, dia, texto) values (18, '2017-09-11 04:54:27', 'parturient montes nascetur ridiculus mus etiam vel augue vestibulum rutrum rutrum neque aenean auctor gravida sem praesent id massa');
insert into mydb.conversas (id_amizade, dia, texto) values (19, '2017-10-01 07:39:46', 'sed nisl nunc rhoncus dui vel sem sed sagittis nam congue risus semper');
insert into mydb.conversas (id_amizade, dia, texto) values (20, '2017-04-17 17:50:38', 'proin leo odio porttitor id consequat in consequat ut nulla sed accumsan felis ut at dolor quis odio');


