insert into usuario (id, nome, email) values (1, 'Abrahan', 'aloftin0@bigcartel.com');
insert into usuario (id, nome, email) values (2, 'Nathalie', 'ndoyley1@ucoz.ru');
insert into usuario (id, nome, email) values (3, 'Tremayne', 'tmacura2@freewebs.com');
insert into usuario (id, nome, email) values (4, 'Humfrid', 'hlockyer3@slideshare.net');
insert into usuario (id, nome, email) values (5, 'Gare', 'gwinspurr4@altervista.org');
insert into usuario (id, nome, email) values (6, 'Lucilia', 'ltolman5@webnode.com');
insert into usuario (id, nome, email) values (7, 'Debor', 'dbhar6@arstechnica.com');
insert into usuario (id, nome, email) values (8, 'Ashley', 'awoodcock7@1688.com');
insert into usuario (id, nome, email) values (9, 'Ermanno', 'eknappe8@goodreads.com');
insert into usuario (id, nome, email) values (10, 'Glennie', 'gshaylor9@squarespace.com');
insert into usuario (id, nome, email) values (11, 'Hamish', 'hklimshuka@ted.com');
insert into usuario (id, nome, email) values (12, 'Cherie', 'cjoulb@freewebs.com');
insert into usuario (id, nome, email) values (13, 'Janenna', 'jjaquesc@phoca.cz');
insert into usuario (id, nome, email) values (14, 'Pam', 'pmaccurlyed@tumblr.com');
insert into usuario (id, nome, email) values (15, 'Rhoda', 'rrockhille@privacy.gov.au');
insert into usuario (id, nome, email) values (16, 'Paton', 'ppidgeonf@netscape.com');
insert into usuario (id, nome, email) values (17, 'Letisha', 'lmcgilbeng@stumbleupon.com');
insert into usuario (id, nome, email) values (18, 'Starr', 'scoddringtonh@webnode.com');
insert into usuario (id, nome, email) values (19, 'Harlene', 'hwoodvinei@behance.net');
insert into usuario (id, nome, email) values (20, 'Noell', 'nwimpressj@buzzfeed.com');
insert into usuario (id, nome, email) values (21, 'Carolann', 'crichink@noaa.gov');
insert into usuario (id, nome, email) values (22, 'Jayson', 'jcornickl@npr.org');
insert into usuario (id, nome, email) values (23, 'Mei', 'mpedicanm@php.net');
insert into usuario (id, nome, email) values (24, 'Putnem', 'pwaddinghamn@virginia.edu');
insert into usuario (id, nome, email) values (25, 'Michal', 'meakleo@nature.com');
insert into usuario (id, nome, email) values (26, 'Davide', 'dguillouxp@twitpic.com');
insert into usuario (id, nome, email) values (27, 'Agnella', 'alettsq@abc.net.au');
insert into usuario (id, nome, email) values (28, 'Maighdiln', 'mwestgarthr@disqus.com');
insert into usuario (id, nome, email) values (29, 'Julieta', 'jgeddiss@epa.gov');
insert into usuario (id, nome, email) values (30, 'Brodie', 'btrunchiont@bandcamp.com');
insert into usuario (id, nome, email) values (31, 'Dall', 'doleaghamu@1688.com');
insert into usuario (id, nome, email) values (32, 'Jan', 'jmettrickv@blogger.com');
insert into usuario (id, nome, email) values (33, 'Corly', 'ccalbreathw@deliciousdays.com');
insert into usuario (id, nome, email) values (34, 'Amandi', 'amccormickx@storify.com');
insert into usuario (id, nome, email) values (35, 'Gualterio', 'gcrusy@paypal.com');
insert into usuario (id, nome, email) values (36, 'Hurley', 'hdoohanz@cnn.com');
insert into usuario (id, nome, email) values (37, 'Arny', 'ahamlet10@ca.gov');
insert into usuario (id, nome, email) values (38, 'Diane-marie', 'dklassmann11@blinklist.com');
insert into usuario (id, nome, email) values (39, 'Dannie', 'dconner12@networkadvertising.org');
insert into usuario (id, nome, email) values (40, 'Basilius', 'bmanion13@zimbio.com');
insert into usuario (id, nome, email) values (41, 'Woodrow', 'wdadd14@google.com.au');
insert into usuario (id, nome, email) values (42, 'Ara', 'ahillum15@webnode.com');
insert into usuario (id, nome, email) values (43, 'Lorry', 'lhardbattle16@usnews.com');
insert into usuario (id, nome, email) values (44, 'Harrie', 'hbeechcraft17@apple.com');
insert into usuario (id, nome, email) values (45, 'Matelda', 'mirnis18@abc.net.au');
insert into usuario (id, nome, email) values (46, 'Zonda', 'zhavelin19@businesswire.com');
insert into usuario (id, nome, email) values (47, 'Kale', 'kserris1a@ning.com');
insert into usuario (id, nome, email) values (48, 'Nicolette', 'nwestberg1b@wiley.com');
insert into usuario (id, nome, email) values (49, 'Clarice', 'ccarling1c@netlog.com');
insert into usuario (id, nome, email) values (50, 'Karlee', 'kbertomieu1d@printfriendly.com');


INSERT INTO `mydb`.`amizade` (`Usuario_id`, `Usuario_id1`) VALUES (1, 2);
INSERT INTO `mydb`.`amizade` (`Usuario_id`, `Usuario_id1`) VALUES (1, 3);
INSERT INTO `mydb`.`amizade` (`Usuario_id`, `Usuario_id1`) VALUES (1, 4);
INSERT INTO `mydb`.`amizade` (`Usuario_id`, `Usuario_id1`) VALUES (1, 5);
INSERT INTO `mydb`.`amizade` (`Usuario_id`, `Usuario_id1`) VALUES (2, 3);
INSERT INTO `mydb`.`amizade` (`Usuario_id`, `Usuario_id1`) VALUES (2, 4);
INSERT INTO `mydb`.`amizade` (`Usuario_id`, `Usuario_id1`) VALUES (2, 50);
INSERT INTO `mydb`.`amizade` (`Usuario_id`, `Usuario_id1`) VALUES (2, 6);
INSERT INTO `mydb`.`amizade` (`Usuario_id`, `Usuario_id1`) VALUES (3, 5);
INSERT INTO `mydb`.`amizade` (`Usuario_id`, `Usuario_id1`) VALUES (2, 7);
INSERT INTO `mydb`.`amizade` (`Usuario_id`, `Usuario_id1`) VALUES (2, 5);
INSERT INTO `mydb`.`amizade` (`Usuario_id`, `Usuario_id1`) VALUES (3, 4);
INSERT INTO `mydb`.`amizade` (`Usuario_id`, `Usuario_id1`) VALUES (3, 9);
INSERT INTO `mydb`.`amizade` (`Usuario_id`, `Usuario_id1`) VALUES (3, 8);
INSERT INTO `mydb`.`amizade` (`Usuario_id`, `Usuario_id1`) VALUES (3, 25);
INSERT INTO `mydb`.`amizade` (`Usuario_id`, `Usuario_id1`) VALUES (3, 24);
INSERT INTO `mydb`.`amizade` (`Usuario_id`, `Usuario_id1`) VALUES (3, 22);
INSERT INTO `mydb`.`amizade` (`Usuario_id`, `Usuario_id1`) VALUES (3, 20);
INSERT INTO `mydb`.`amizade` (`Usuario_id`, `Usuario_id1`) VALUES (3, 23);
INSERT INTO `mydb`.`amizade` (`Usuario_id`, `Usuario_id1`) VALUES (4, 50);
INSERT INTO `mydb`.`amizade` (`Usuario_id`, `Usuario_id1`) VALUES (4, 13);
INSERT INTO `mydb`.`amizade` (`Usuario_id`, `Usuario_id1`) VALUES (4, 14);
INSERT INTO `mydb`.`amizade` (`Usuario_id`, `Usuario_id1`) VALUES (4, 16);
INSERT INTO `mydb`.`amizade` (`Usuario_id`, `Usuario_id1`) VALUES (4, 17);
INSERT INTO `mydb`.`amizade` (`Usuario_id`, `Usuario_id1`) VALUES (4, 21);
INSERT INTO `mydb`.`amizade` (`Usuario_id`, `Usuario_id1`) VALUES (4, 22);
INSERT INTO `mydb`.`amizade` (`Usuario_id`, `Usuario_id1`) VALUES (5, 15);
INSERT INTO `mydb`.`amizade` (`Usuario_id`, `Usuario_id1`) VALUES (5, 18);
INSERT INTO `mydb`.`amizade` (`Usuario_id`, `Usuario_id1`) VALUES (5, 50);
INSERT INTO `mydb`.`amizade` (`Usuario_id`, `Usuario_id1`) VALUES (5, 41);
INSERT INTO `mydb`.`amizade` (`Usuario_id`, `Usuario_id1`) VALUES (5, 42);
INSERT INTO `mydb`.`amizade` (`Usuario_id`, `Usuario_id1`) VALUES (6, 14);
INSERT INTO `mydb`.`amizade` (`Usuario_id`, `Usuario_id1`) VALUES (6, 44);
INSERT INTO `mydb`.`amizade` (`Usuario_id`, `Usuario_id1`) VALUES (6, 45);
INSERT INTO `mydb`.`amizade` (`Usuario_id`, `Usuario_id1`) VALUES (6, 36);
INSERT INTO `mydb`.`amizade` (`Usuario_id`, `Usuario_id1`) VALUES (7, 50);
INSERT INTO `mydb`.`amizade` (`Usuario_id`, `Usuario_id1`) VALUES (7, 20);
INSERT INTO `mydb`.`amizade` (`Usuario_id`, `Usuario_id1`) VALUES (7, 21);
INSERT INTO `mydb`.`amizade` (`Usuario_id`, `Usuario_id1`) VALUES (7, 26);
INSERT INTO `mydb`.`amizade` (`Usuario_id`, `Usuario_id1`) VALUES (7, 27);
INSERT INTO `mydb`.`amizade` (`Usuario_id`, `Usuario_id1`) VALUES (8, 29);
INSERT INTO `mydb`.`amizade` (`Usuario_id`, `Usuario_id1`) VALUES (8, 12);
INSERT INTO `mydb`.`amizade` (`Usuario_id`, `Usuario_id1`) VALUES (9, 10);
INSERT INTO `mydb`.`amizade` (`Usuario_id`, `Usuario_id1`) VALUES (10, 11);
INSERT INTO `mydb`.`amizade` (`Usuario_id`, `Usuario_id1`) VALUES (10, 12);
INSERT INTO `mydb`.`amizade` (`Usuario_id`, `Usuario_id1`) VALUES (10, 16);
INSERT INTO `mydb`.`amizade` (`Usuario_id`, `Usuario_id1`) VALUES (11, 30);
INSERT INTO `mydb`.`amizade` (`Usuario_id`, `Usuario_id1`) VALUES (11, 35);
INSERT INTO `mydb`.`amizade` (`Usuario_id`, `Usuario_id1`) VALUES (11, 45);
INSERT INTO `mydb`.`amizade` (`Usuario_id`, `Usuario_id1`) VALUES (12, 19);
INSERT INTO `mydb`.`amizade` (`Usuario_id`, `Usuario_id1`) VALUES (12, 17);
INSERT INTO `mydb`.`amizade` (`Usuario_id`, `Usuario_id1`) VALUES (13, 9);
INSERT INTO `mydb`.`amizade` (`Usuario_id`, `Usuario_id1`) VALUES (13, 50);
INSERT INTO `mydb`.`amizade` (`Usuario_id`, `Usuario_id1`) VALUES (15, 19);
INSERT INTO `mydb`.`amizade` (`Usuario_id`, `Usuario_id1`) VALUES (15, 2);
INSERT INTO `mydb`.`amizade` (`Usuario_id`, `Usuario_id1`) VALUES (15, 30);
INSERT INTO `mydb`.`amizade` (`Usuario_id`, `Usuario_id1`) VALUES (19, 41);
INSERT INTO `mydb`.`amizade` (`Usuario_id`, `Usuario_id1`) VALUES (20, 22);
INSERT INTO `mydb`.`amizade` (`Usuario_id`, `Usuario_id1`) VALUES (20, 1);
INSERT INTO `mydb`.`amizade` (`Usuario_id`, `Usuario_id1`) VALUES (22, 3);
INSERT INTO `mydb`.`amizade` (`Usuario_id`, `Usuario_id1`) VALUES (22, 50);
INSERT INTO `mydb`.`amizade` (`Usuario_id`, `Usuario_id1`) VALUES (23, 2);
INSERT INTO `mydb`.`amizade` (`Usuario_id`, `Usuario_id1`) VALUES (26, 9);
INSERT INTO `mydb`.`amizade` (`Usuario_id`, `Usuario_id1`) VALUES (30, 2);
INSERT INTO `mydb`.`amizade` (`Usuario_id`, `Usuario_id1`) VALUES (30, 50);
INSERT INTO `mydb`.`amizade` (`Usuario_id`, `Usuario_id1`) VALUES (30, 21);
INSERT INTO `mydb`.`amizade` (`Usuario_id`, `Usuario_id1`) VALUES (35, 33);
INSERT INTO `mydb`.`amizade` (`Usuario_id`, `Usuario_id1`) VALUES (35, 8);
INSERT INTO `mydb`.`amizade` (`Usuario_id`, `Usuario_id1`) VALUES (39, 48);
INSERT INTO `mydb`.`amizade` (`Usuario_id`, `Usuario_id1`) VALUES (41, 36);
INSERT INTO `mydb`.`amizade` (`Usuario_id`, `Usuario_id1`) VALUES (41, 37);
INSERT INTO `mydb`.`amizade` (`Usuario_id`, `Usuario_id1`) VALUES (41, 3);
INSERT INTO `mydb`.`amizade` (`Usuario_id`, `Usuario_id1`) VALUES (41, 5);
INSERT INTO `mydb`.`amizade` (`Usuario_id`, `Usuario_id1`) VALUES (44, 10);
INSERT INTO `mydb`.`amizade` (`Usuario_id`, `Usuario_id1`) VALUES (44, 2);
INSERT INTO `mydb`.`amizade` (`Usuario_id`, `Usuario_id1`) VALUES (44, 3);
INSERT INTO `mydb`.`amizade` (`Usuario_id`, `Usuario_id1`) VALUES (45, 12);
INSERT INTO `mydb`.`amizade` (`Usuario_id`, `Usuario_id1`) VALUES (45, 50);
INSERT INTO `mydb`.`amizade` (`Usuario_id`, `Usuario_id1`) VALUES (47, 1);
INSERT INTO `mydb`.`amizade` (`Usuario_id`, `Usuario_id1`) VALUES (47, 2);
INSERT INTO `mydb`.`amizade` (`Usuario_id`, `Usuario_id1`) VALUES (47, 10);
INSERT INTO `mydb`.`amizade` (`Usuario_id`, `Usuario_id1`) VALUES (49, 36);
INSERT INTO `mydb`.`amizade` (`Usuario_id`, `Usuario_id1`) VALUES (49, 6);
INSERT INTO `mydb`.`amizade` (`Usuario_id`, `Usuario_id1`) VALUES (49, 7);
INSERT INTO `mydb`.`amizade` (`Usuario_id`, `Usuario_id1`) VALUES (49, 10);
INSERT INTO `mydb`.`amizade` (`Usuario_id`, `Usuario_id1`) VALUES (49, 15);


insert into conversas (dia, texto, Usuario_has_Usuario_Usuario_id, Usuario_has_Usuario_Usuario_id1) values ('2017-07-01 11:13:41', 'ultrices phasellus id sapien in sapien iaculis congue vivamus metus arcu adipiscing molestie', 1, 3);
insert into conversas (dia, texto, Usuario_has_Usuario_Usuario_id, Usuario_has_Usuario_Usuario_id1) values ('2017-07-28 08:27:53', 'a odio in hac habitasse platea dictumst maecenas ut massa quis augue luctus tincidunt nulla mollis molestie lorem quisque ut', 3, 1);
insert into conversas (dia, texto, Usuario_has_Usuario_Usuario_id, Usuario_has_Usuario_Usuario_id1) values ('2016-11-21 09:42:15', 'nunc rhoncus dui vel sem sed sagittis nam congue risus', 1, 4);
insert into conversas (dia, texto, Usuario_has_Usuario_Usuario_id, Usuario_has_Usuario_Usuario_id1) values ('2017-07-24 11:45:14', 'at velit vivamus vel nulla eget eros elementum pellentesque quisque porta', 4, 1);
insert into conversas (dia, texto, Usuario_has_Usuario_Usuario_id, Usuario_has_Usuario_Usuario_id1) values ('2017-08-05 18:25:55', 'dapibus duis at velit eu est congue elementum in hac habitasse platea dictumst morbi vestibulum velit id pretium', 2, 50);
insert into conversas (dia, texto, Usuario_has_Usuario_Usuario_id, Usuario_has_Usuario_Usuario_id1) values ('2017-08-29 21:54:39', 'magnis dis parturient montes nascetur ridiculus mus vivamus vestibulum sagittis sapien cum sociis natoque', 2, 4);
insert into conversas (dia, texto, Usuario_has_Usuario_Usuario_id, Usuario_has_Usuario_Usuario_id1) values ('2017-06-02 07:38:33', 'tristique fusce congue diam id ornare imperdiet sapien urna pretium nisl ut volutpat sapien arcu sed augue aliquam erat volutpat', 3, 5);
insert into conversas (dia, texto, Usuario_has_Usuario_Usuario_id, Usuario_has_Usuario_Usuario_id1) values ('2017-05-19 05:48:08', 'velit donec diam neque vestibulum eget vulputate ut ultrices vel augue', 3, 20);
insert into conversas (dia, texto, Usuario_has_Usuario_Usuario_id, Usuario_has_Usuario_Usuario_id1) values ('2017-03-03 05:49:44', 'sit amet consectetuer adipiscing elit proin interdum mauris non ligula pellentesque ultrices phasellus id sapien in sapien iaculis', 20, 3);
insert into conversas (dia, texto, Usuario_has_Usuario_Usuario_id, Usuario_has_Usuario_Usuario_id1) values ('2017-03-30 06:53:38', 'dui proin leo odio porttitor id consequat in consequat ut nulla sed accumsan', 4, 14);
insert into conversas (dia, texto, Usuario_has_Usuario_Usuario_id, Usuario_has_Usuario_Usuario_id1) values ('2017-01-14 22:45:15', 'leo odio condimentum id luctus nec molestie sed justo pellentesque viverra pede ac diam cras pellentesque volutpat dui maecenas tristique', 5, 18);
insert into conversas (dia, texto, Usuario_has_Usuario_Usuario_id, Usuario_has_Usuario_Usuario_id1) values ('2017-03-03 10:24:39', 'augue vestibulum rutrum rutrum neque aenean auctor gravida sem praesent id massa id nisl', 18, 5);
insert into conversas (dia, texto, Usuario_has_Usuario_Usuario_id, Usuario_has_Usuario_Usuario_id1) values ('2016-12-28 03:36:50', 'massa quis augue luctus tincidunt nulla mollis molestie lorem quisque', 8, 29);
insert into conversas (dia, texto, Usuario_has_Usuario_Usuario_id, Usuario_has_Usuario_Usuario_id1) values ('2017-06-25 04:34:35', 'id luctus nec molestie sed justo pellentesque viverra pede ac diam cras pellentesque volutpat dui', 13, 50);
insert into conversas (dia, texto, Usuario_has_Usuario_Usuario_id, Usuario_has_Usuario_Usuario_id1) values ('2017-09-16 01:22:53', 'ut nunc vestibulum ante ipsum primis in faucibus orci luctus et ultrices posuere cubilia curae mauris viverra diam vitae quam', 20, 22);
insert into conversas (dia, texto, Usuario_has_Usuario_Usuario_id, Usuario_has_Usuario_Usuario_id1) values ('2017-04-20 01:04:24', 'a nibh in quis justo maecenas rhoncus aliquam lacus morbi quis tortor id nulla ultrices', 22, 20);
insert into conversas (dia, texto, Usuario_has_Usuario_Usuario_id, Usuario_has_Usuario_Usuario_id1) values ('2016-12-03 07:54:04', 'sem sed sagittis nam congue risus semper porta volutpat quam pede lobortis ligula sit amet eleifend', 20, 22);
insert into conversas (dia, texto, Usuario_has_Usuario_Usuario_id, Usuario_has_Usuario_Usuario_id1) values ('2017-09-11 04:54:27', 'lacinia aenean sit amet justo morbi ut odio cras mi pede malesuada in imperdiet et commodo vulputate justo in', 41, 19);
insert into conversas (dia, texto, Usuario_has_Usuario_Usuario_id, Usuario_has_Usuario_Usuario_id1) values ('2017-10-01 07:39:46', 'in faucibus orci luctus et ultrices posuere cubilia curae duis', 18, 19);
insert into conversas (dia, texto, Usuario_has_Usuario_Usuario_id, Usuario_has_Usuario_Usuario_id1) values ('2017-04-17 17:50:38', 'cras non velit nec nisi vulputate nonummy maecenas tincidunt lacus at velit vivamus vel nulla eget eros elementum pellentesque quisque', 47, 2);
insert into conversas (dia, texto, Usuario_has_Usuario_Usuario_id, Usuario_has_Usuario_Usuario_id1) values ('2016-10-17 10:42:35', 'donec pharetra magna vestibulum aliquet ultrices erat tortor sollicitudin mi sit amet lobortis sapien', 47, 50);
insert into conversas (dia, texto, Usuario_has_Usuario_Usuario_id, Usuario_has_Usuario_Usuario_id1) values ('2017-08-30 15:48:35', 'turpis a pede posuere nonummy integer non velit donec diam neque vestibulum eget vulputate ut ultrices vel', 47, 50);
insert into conversas (dia, texto, Usuario_has_Usuario_Usuario_id, Usuario_has_Usuario_Usuario_id1) values ('2017-01-12 04:20:30', 'vitae quam suspendisse potenti nullam porttitor lacus at turpis donec posuere metus', 23, 2);
insert into conversas (dia, texto, Usuario_has_Usuario_Usuario_id, Usuario_has_Usuario_Usuario_id1) values ('2017-05-13 08:36:02', 'nisi volutpat eleifend donec ut dolor morbi vel lectus in quam fringilla', 26, 9);
insert into conversas (dia, texto, Usuario_has_Usuario_Usuario_id, Usuario_has_Usuario_Usuario_id1) values ('2016-12-16 21:32:38', 'nec nisi vulputate nonummy maecenas tincidunt lacus at velit vivamus vel nulla eget eros elementum pellentesque quisque', 9, 26);
insert into conversas (dia, texto, Usuario_has_Usuario_Usuario_id, Usuario_has_Usuario_Usuario_id1) values ('2017-06-07 21:32:54', 'nullam porttitor lacus at turpis donec posuere metus vitae ipsum aliquam non mauris morbi non lectus aliquam sit amet diam', 8, 12);
insert into conversas (dia, texto, Usuario_has_Usuario_Usuario_id, Usuario_has_Usuario_Usuario_id1) values ('2017-08-07 02:09:43', 'iaculis justo in hac habitasse platea dictumst etiam faucibus cursus urna ut tellus nulla ut', 8, 29);
insert into conversas (dia, texto, Usuario_has_Usuario_Usuario_id, Usuario_has_Usuario_Usuario_id1) values ('2017-09-16 21:18:12', 'mus vivamus vestibulum sagittis sapien cum sociis natoque penatibus et magnis dis parturient montes nascetur ridiculus mus', 29, 8);
insert into conversas (dia, texto, Usuario_has_Usuario_Usuario_id, Usuario_has_Usuario_Usuario_id1) values ('2016-11-29 02:22:36', 'tortor quis turpis sed ante vivamus tortor duis mattis egestas metus aenean fermentum', 49, 36);
insert into conversas (dia, texto, Usuario_has_Usuario_Usuario_id, Usuario_has_Usuario_Usuario_id1) values ('2017-05-21 13:44:22', 'ligula vehicula consequat morbi a ipsum integer a nibh in quis justo maecenas rhoncus aliquam lacus morbi', 35, 36);
insert into conversas (dia, texto, Usuario_has_Usuario_Usuario_id, Usuario_has_Usuario_Usuario_id1) values ('2017-03-15 19:27:36', 'consequat morbi a ipsum integer a nibh in quis justo maecenas rhoncus aliquam lacus morbi quis', 30, 50);
insert into conversas (dia, texto, Usuario_has_Usuario_Usuario_id, Usuario_has_Usuario_Usuario_id1) values ('2016-11-13 12:08:19', 'cubilia curae nulla dapibus dolor vel est donec odio justo sollicitudin ut suscipit a feugiat et', 50, 30);
insert into conversas (dia, texto, Usuario_has_Usuario_Usuario_id, Usuario_has_Usuario_Usuario_id1) values ('2017-03-04 01:32:45', 'nec nisi vulputate nonummy maecenas tincidunt lacus at velit vivamus vel nulla eget eros elementum', 30, 21);
insert into conversas (dia, texto, Usuario_has_Usuario_Usuario_id, Usuario_has_Usuario_Usuario_id1) values ('2016-10-14 22:46:20', 'consequat ut nulla sed accumsan felis ut at dolor quis odio consequat varius integer ac', 39, 48);
insert into conversas (dia, texto, Usuario_has_Usuario_Usuario_id, Usuario_has_Usuario_Usuario_id1) values ('2017-05-27 22:28:37', 'consequat nulla nisl nunc nisl duis bibendum felis sed interdum venenatis', 47, 1);
insert into conversas (dia, texto, Usuario_has_Usuario_Usuario_id, Usuario_has_Usuario_Usuario_id1) values ('2017-04-21 00:33:19', 'viverra diam vitae quam suspendisse potenti nullam porttitor lacus at turpis donec posuere metus vitae ipsum aliquam', 47, 2);
insert into conversas (dia, texto, Usuario_has_Usuario_Usuario_id, Usuario_has_Usuario_Usuario_id1) values ('2017-08-29 09:13:14', 'convallis tortor risus dapibus augue vel accumsan tellus nisi eu orci', 2, 47);
insert into conversas (dia, texto, Usuario_has_Usuario_Usuario_id, Usuario_has_Usuario_Usuario_id1) values ('2017-07-23 00:30:37', 'lectus pellentesque at nulla suspendisse potenti cras in purus eu magna vulputate', 10, 16);
insert into conversas (dia, texto, Usuario_has_Usuario_Usuario_id, Usuario_has_Usuario_Usuario_id1) values ('2016-12-28 03:06:57', 'nulla mollis molestie lorem quisque ut erat curabitur gravida nisi at nibh in hac habitasse platea dictumst', 16, 10);
insert into conversas (dia, texto, Usuario_has_Usuario_Usuario_id, Usuario_has_Usuario_Usuario_id1) values ('2017-01-16 07:30:27', 'mauris ullamcorper purus sit amet nulla quisque arcu libero rutrum ac lobortis vel dapibus at diam nam tristique', 10, 16);
insert into conversas (dia, texto, Usuario_has_Usuario_Usuario_id, Usuario_has_Usuario_Usuario_id1) values ('2016-12-13 13:35:20', 'pellentesque eget nunc donec quis orci eget orci vehicula condimentum curabitur in libero ut massa volutpat', 15, 30);
insert into conversas (dia, texto, Usuario_has_Usuario_Usuario_id, Usuario_has_Usuario_Usuario_id1) values ('2017-03-16 17:36:54', 'et ultrices posuere cubilia curae donec pharetra magna vestibulum aliquet ultrices erat tortor sollicitudin mi sit amet lobortis sapien', 7, 21);
insert into conversas (dia, texto, Usuario_has_Usuario_Usuario_id, Usuario_has_Usuario_Usuario_id1) values ('2017-06-23 12:30:52', 'suspendisse accumsan tortor quis turpis sed ante vivamus tortor duis mattis egestas metus aenean fermentum donec', 21, 7);
insert into conversas (dia, texto, Usuario_has_Usuario_Usuario_id, Usuario_has_Usuario_Usuario_id1) values ('2017-07-18 21:36:55', 'pulvinar nulla pede ullamcorper augue a suscipit nulla elit ac', 11, 45);
insert into conversas (dia, texto, Usuario_has_Usuario_Usuario_id, Usuario_has_Usuario_Usuario_id1) values ('2016-12-06 03:03:17', 'luctus tincidunt nulla mollis molestie lorem quisque ut erat curabitur gravida nisi at nibh in hac habitasse platea', 3, 9);
insert into conversas (dia, texto, Usuario_has_Usuario_Usuario_id, Usuario_has_Usuario_Usuario_id1) values ('2017-09-01 06:22:00', 'justo etiam pretium iaculis justo in hac habitasse platea dictumst etiam faucibus cursus urna', 9, 3);
insert into conversas (dia, texto, Usuario_has_Usuario_Usuario_id, Usuario_has_Usuario_Usuario_id1) values ('2017-08-09 21:17:29', 'lacus at turpis donec posuere metus vitae ipsum aliquam non mauris morbi non lectus aliquam sit amet diam in magna', 47, 10);
insert into conversas (dia, texto, Usuario_has_Usuario_Usuario_id, Usuario_has_Usuario_Usuario_id1) values ('2017-04-09 20:37:45', 'donec vitae nisi nam ultrices libero non mattis pulvinar nulla pede ullamcorper augue', 6, 49);
insert into conversas (dia, texto, Usuario_has_Usuario_Usuario_id, Usuario_has_Usuario_Usuario_id1) values ('2017-01-08 14:23:13', 'pretium nisl ut volutpat sapien arcu sed augue aliquam erat volutpat in', 49, 6);
insert into conversas (dia, texto, Usuario_has_Usuario_Usuario_id, Usuario_has_Usuario_Usuario_id1) values ('2017-08-04 19:39:21', 'rhoncus mauris enim leo rhoncus sed vestibulum sit amet cursus id turpis integer aliquet massa', 5, 1);


